{"Coins":["PRV"],"PRV":{"balance":22.035825194,"claimed":3.0916064290000005,"staked":0,"tokenID":"0000000000000000000000000000000000000000000000000000000000000004"}}