{"Coins":["PRV"],"PRV":{"balance":18.954616763,"claimed":0.010598198000000498,"staked":0,"tokenID":"0000000000000000000000000000000000000000000000000000000000000004"}}