{"Coins":["PRV"],"PRV":{"balance":18.953358923,"claimed":0.009327908000000497,"staked":0,"tokenID":"0000000000000000000000000000000000000000000000000000000000000004"}}