{"Coins":["PRV"],"PRV":{"balance":23.040522295,"claimed":4.118512509999998,"staked":0,"tokenID":"0000000000000000000000000000000000000000000000000000000000000004"}}