{"Coins":["PRV"],"PRV":{"balance":22.035825194,"claimed":3.1016064290000003,"staked":0,"tokenID":"0000000000000000000000000000000000000000000000000000000000000004"}}